timestamp_utc,url,final_url,http_code,time_total,error,dns_lookup_ms,dns_success,dns_error
2026-01-19T18:55:20+00:00,https://example.com,https://example.com/,200,0.056053,
2026-01-19T18:55:20+00:00,https://www.cloudflare.com,https://www.cloudflare.com/,200,0.318188,
2026-01-19T18:55:20+00:00,https://www.extremenetworks.com,https://www.extremenetworks.com/,200,0.360417,
2026-01-19T19:11:34+00:00,https://example.com,https://example.com/,200,0.056317,
2026-01-19T19:11:34+00:00,https://www.cloudflare.com,https://www.cloudflare.com/,200,0.467766,
2026-01-19T19:11:34+00:00,https://www.extremenetworks.com,https://www.extremenetworks.com/,200,0.393634,
2026-01-19T19:28:35+00:00,https://example.com,https://example.com/,200,0.069688,
2026-01-19T19:28:35+00:00,https://www.cloudflare.com,https://www.cloudflare.com/,200,0.25559,
2026-01-19T19:28:35+00:00,https://www.extremenetworks.com,https://www.extremenetworks.com/,200,0.372181,
2026-01-19T19:31:29+00:00,https://example.com,https://example.com/,200,0.058695,
2026-01-19T19:31:29+00:00,https://www.cloudflare.com,https://www.cloudflare.com/,200,0.393241,
2026-01-19T19:31:29+00:00,https://www.extremenetworks.com,https://www.extremenetworks.com/,200,0.355806,
2026-01-19T22:08:54+00:00,https://example.com,https://example.com/,200,0.048022,
2026-01-19T22:08:54+00:00,https://www.cloudflare.com,https://www.cloudflare.com/,200,0.341359,
2026-01-19T22:08:54+00:00,https://www.extremenetworks.com,https://www.extremenetworks.com/,200,0.349971,
2026-01-19T22:13:55+00:00,https://example.com,https://example.com/,200,0.059323,
2026-01-19T22:13:55+00:00,https://www.cloudflare.com,https://www.cloudflare.com/,200,0.216562,
2026-01-19T22:13:55+00:00,https://www.extremenetworks.com,https://www.extremenetworks.com/,200,0.35077,
2026-01-19T22:18:55+00:00,https://example.com,https://example.com/,200,0.082029,
2026-01-19T22:18:55+00:00,https://www.cloudflare.com,https://www.cloudflare.com/,200,0.254188,
2026-01-19T22:18:55+00:00,https://www.extremenetworks.com,https://www.extremenetworks.com/,200,0.385125,
2026-01-19T22:23:56+00:00,https://example.com,https://example.com/,200,4.067638,
2026-01-19T22:23:56+00:00,https://www.cloudflare.com,https://www.cloudflare.com/,200,0.282261,
2026-01-19T22:23:56+00:00,https://www.extremenetworks.com,https://www.extremenetworks.com/,200,0.359574,
2026-01-19T22:29:01+00:00,https://example.com,https://example.com/,200,0.060458,
2026-01-19T22:29:01+00:00,https://www.cloudflare.com,https://www.cloudflare.com/,200,0.348452,
2026-01-19T22:29:01+00:00,https://www.extremenetworks.com,https://www.extremenetworks.com/,200,0.394196,
2026-01-19T22:34:02+00:00,https://example.com,https://example.com/,200,0.056382,
2026-01-19T22:34:02+00:00,https://www.cloudflare.com,https://www.cloudflare.com/,200,0.411608,
2026-01-19T22:34:02+00:00,https://www.extremenetworks.com,https://www.extremenetworks.com/,200,0.421317,
2026-01-19T22:39:02+00:00,https://example.com,https://example.com/,200,0.063816,
2026-01-19T22:39:02+00:00,https://www.cloudflare.com,https://www.cloudflare.com/,200,0.676155,
2026-01-19T22:39:02+00:00,https://www.extremenetworks.com,https://www.extremenetworks.com/,200,0.382955,
2026-01-19T22:44:04+00:00,https://example.com,https://example.com/,200,0.067291,
2026-01-19T22:44:04+00:00,https://www.cloudflare.com,https://www.cloudflare.com/,200,0.31519,
2026-01-19T22:44:04+00:00,https://www.extremenetworks.com,https://www.extremenetworks.com/,200,0.350098,
2026-01-19T22:49:04+00:00,https://example.com,https://example.com/,200,0.058648,
2026-01-19T22:49:04+00:00,https://www.cloudflare.com,https://www.cloudflare.com/,200,0.234297,
2026-01-19T22:49:04+00:00,https://www.extremenetworks.com,https://www.extremenetworks.com/,200,0.354478,
2026-01-19T22:54:05+00:00,https://example.com,https://example.com/,200,0.089876,
2026-01-19T22:54:05+00:00,https://www.cloudflare.com,https://www.cloudflare.com/,200,0.337765,
2026-01-19T22:54:05+00:00,https://www.extremenetworks.com,https://www.extremenetworks.com/,200,0.383268,
2026-01-19T22:59:06+00:00,https://example.com,https://example.com/,200,0.05778,
2026-01-19T22:59:06+00:00,https://www.cloudflare.com,https://www.cloudflare.com/,200,0.269437,
2026-01-19T22:59:06+00:00,https://www.extremenetworks.com,https://www.extremenetworks.com/,200,0.376263,
2026-01-19T23:04:07+00:00,https://example.com,https://example.com/,200,0.068957,
2026-01-19T23:04:07+00:00,https://www.cloudflare.com,https://www.cloudflare.com/,200,0.267931,
2026-01-19T23:04:07+00:00,https://www.extremenetworks.com,https://www.extremenetworks.com/,200,0.367789,
2026-01-19T23:09:07+00:00,https://example.com,https://example.com/,200,0.055859,
2026-01-19T23:09:07+00:00,https://www.cloudflare.com,https://www.cloudflare.com/,200,0.262481,
2026-01-19T23:09:07+00:00,https://www.extremenetworks.com,https://www.extremenetworks.com/,200,0.386458,
2026-01-19T23:14:08+00:00,https://example.com,https://example.com/,200,0.058724,
2026-01-19T23:14:08+00:00,https://www.cloudflare.com,https://www.cloudflare.com/,200,0.291403,
2026-01-19T23:14:08+00:00,https://www.extremenetworks.com,https://www.extremenetworks.com/,200,0.34679,
2026-01-19T23:19:09+00:00,https://example.com,https://example.com/,200,0.0578,
2026-01-19T23:19:09+00:00,https://www.cloudflare.com,https://www.cloudflare.com/,200,0.257341,
2026-01-19T23:19:09+00:00,https://www.extremenetworks.com,https://www.extremenetworks.com/,200,0.411886,
2026-01-19T23:24:10+00:00,https://example.com,https://example.com/,200,0.057469,
2026-01-19T23:24:10+00:00,https://www.cloudflare.com,https://www.cloudflare.com/,200,0.329385,
2026-01-19T23:24:10+00:00,https://www.extremenetworks.com,https://www.extremenetworks.com/,200,0.357133,
2026-01-19T23:29:10+00:00,https://example.com,https://example.com/,200,4.059594,
2026-01-19T23:29:10+00:00,https://www.cloudflare.com,https://www.cloudflare.com/,200,0.290242,
2026-01-19T23:29:10+00:00,https://www.extremenetworks.com,https://www.extremenetworks.com/,200,0.399527,
2026-01-19T23:34:15+00:00,https://example.com,https://example.com/,200,0.064728,
2026-01-19T23:34:15+00:00,https://www.cloudflare.com,https://www.cloudflare.com/,200,0.26622,
2026-01-19T23:34:15+00:00,https://www.extremenetworks.com,https://www.extremenetworks.com/,200,0.389819,
2026-01-19T23:39:16+00:00,https://example.com,https://example.com/,200,0.069091,
2026-01-19T23:39:16+00:00,https://www.cloudflare.com,https://www.cloudflare.com/,200,0.340721,
2026-01-19T23:39:16+00:00,https://www.extremenetworks.com,https://www.extremenetworks.com/,200,0.385189,
2026-01-19T23:44:17+00:00,https://example.com,https://example.com/,200,0.063165,
2026-01-19T23:44:17+00:00,https://www.cloudflare.com,https://www.cloudflare.com/,200,0.222234,
2026-01-19T23:44:17+00:00,https://www.extremenetworks.com,https://www.extremenetworks.com/,200,0.38496,
2026-01-19T23:49:18+00:00,https://example.com,https://example.com/,200,0.057459,
2026-01-19T23:49:18+00:00,https://www.cloudflare.com,https://www.cloudflare.com/,200,0.280402,
2026-01-19T23:49:18+00:00,https://www.extremenetworks.com,https://www.extremenetworks.com/,200,0.357259,
2026-01-19T23:54:18+00:00,https://example.com,https://example.com/,200,0.05923,
2026-01-19T23:54:18+00:00,https://www.cloudflare.com,https://www.cloudflare.com/,200,0.276213,
2026-01-19T23:54:18+00:00,https://www.extremenetworks.com,https://www.extremenetworks.com/,200,0.372749,
2026-01-19T23:59:19+00:00,https://example.com,https://example.com/,200,0.056747,
2026-01-19T23:59:19+00:00,https://www.cloudflare.com,https://www.cloudflare.com/,200,0.301531,
2026-01-19T23:59:19+00:00,https://www.extremenetworks.com,https://www.extremenetworks.com/,200,0.347369,
2026-01-20T00:04:20+00:00,https://example.com,https://example.com/,200,0.070144,
2026-01-20T00:04:20+00:00,https://www.cloudflare.com,https://www.cloudflare.com/,200,0.274362,
2026-01-20T00:04:20+00:00,https://www.extremenetworks.com,https://www.extremenetworks.com/,200,0.393588,
2026-01-20T00:09:21+00:00,https://example.com,https://example.com/,200,0.064217,
2026-01-20T00:09:21+00:00,https://www.cloudflare.com,https://www.cloudflare.com/,200,0.308584,
2026-01-20T00:09:21+00:00,https://www.extremenetworks.com,https://www.extremenetworks.com/,200,0.365713,
2026-01-20T00:14:21+00:00,https://example.com,https://example.com/,200,0.054695,
2026-01-20T00:14:21+00:00,https://www.cloudflare.com,https://www.cloudflare.com/,200,0.342204,
2026-01-20T00:14:21+00:00,https://www.extremenetworks.com,https://www.extremenetworks.com/,200,0.373975,
2026-01-20T00:19:22+00:00,https://example.com,https://example.com/,200,0.057187,
2026-01-20T00:19:22+00:00,https://www.cloudflare.com,https://www.cloudflare.com/,200,0.312293,
2026-01-20T00:19:22+00:00,https://www.extremenetworks.com,https://www.extremenetworks.com/,200,0.39749,
2026-01-20T00:24:23+00:00,https://example.com,https://example.com/,200,0.053442,
2026-01-20T00:24:23+00:00,https://www.cloudflare.com,https://www.cloudflare.com/,200,0.361993,
2026-01-20T00:24:23+00:00,https://www.extremenetworks.com,https://www.extremenetworks.com/,200,0.387687,
2026-01-20T00:29:24+00:00,https://example.com,https://example.com/,200,0.060365,
2026-01-20T00:29:24+00:00,https://www.cloudflare.com,https://www.cloudflare.com/,200,0.26972,
2026-01-20T00:29:24+00:00,https://www.extremenetworks.com,https://www.extremenetworks.com/,200,0.35041,
2026-01-20T00:34:25+00:00,https://example.com,https://example.com/,200,0.055775,
2026-01-20T00:34:25+00:00,https://www.cloudflare.com,https://www.cloudflare.com/,200,0.27484,
2026-01-20T00:34:25+00:00,https://www.extremenetworks.com,https://www.extremenetworks.com/,200,0.374196,
2026-01-20T00:39:25+00:00,https://example.com,https://example.com/,200,0.056692,
2026-01-20T00:39:25+00:00,https://www.cloudflare.com,https://www.cloudflare.com/,200,0.531814,
2026-01-20T00:39:25+00:00,https://www.extremenetworks.com,https://www.extremenetworks.com/,200,0.376535,
2026-01-20T00:44:26+00:00,https://example.com,https://example.com/,200,0.061396,
2026-01-20T00:44:26+00:00,https://www.cloudflare.com,https://www.cloudflare.com/,200,0.353856,
2026-01-20T00:44:26+00:00,https://www.extremenetworks.com,https://www.extremenetworks.com/,200,0.400366,
2026-01-20T00:49:27+00:00,https://example.com,https://example.com/,200,0.058131,
2026-01-20T00:49:27+00:00,https://www.cloudflare.com,https://www.cloudflare.com/,200,0.397782,
2026-01-20T00:49:27+00:00,https://www.extremenetworks.com,https://www.extremenetworks.com/,200,0.377343,
2026-01-20T00:54:28+00:00,https://example.com,https://example.com/,200,0.073612,
2026-01-20T00:54:28+00:00,https://www.cloudflare.com,https://www.cloudflare.com/,200,0.266811,
2026-01-20T00:54:28+00:00,https://www.extremenetworks.com,https://www.extremenetworks.com/,200,0.3977,
2026-01-20T00:59:29+00:00,https://example.com,https://example.com/,200,0.05744,
2026-01-20T00:59:29+00:00,https://www.cloudflare.com,https://www.cloudflare.com/,200,0.275825,
2026-01-20T00:59:29+00:00,https://www.extremenetworks.com,https://www.extremenetworks.com/,200,0.347422,
2026-01-20T01:04:30+00:00,https://example.com,https://example.com/,200,0.070007,
2026-01-20T01:04:30+00:00,https://www.cloudflare.com,https://www.cloudflare.com/,200,0.251676,
2026-01-20T01:04:30+00:00,https://www.extremenetworks.com,https://www.extremenetworks.com/,200,0.372249,
2026-01-20T01:09:30+00:00,https://example.com,https://example.com/,200,0.063549,
2026-01-20T01:09:30+00:00,https://www.cloudflare.com,https://www.cloudflare.com/,200,0.356902,
2026-01-20T01:09:30+00:00,https://www.extremenetworks.com,https://www.extremenetworks.com/,200,0.399356,
2026-01-20T01:14:31+00:00,https://example.com,https://example.com/,200,0.054696,
2026-01-20T01:14:31+00:00,https://www.cloudflare.com,https://www.cloudflare.com/,200,0.258245,
2026-01-20T01:14:31+00:00,https://www.extremenetworks.com,https://www.extremenetworks.com/,200,0.354255,
2026-01-20T01:19:32+00:00,https://example.com,https://example.com/,200,0.080629,
2026-01-20T01:19:32+00:00,https://www.cloudflare.com,https://www.cloudflare.com/,200,0.254746,
2026-01-20T01:19:32+00:00,https://www.extremenetworks.com,https://www.extremenetworks.com/,200,0.377214,
2026-01-20T01:24:33+00:00,https://example.com,https://example.com/,200,0.065221,
2026-01-20T01:24:33+00:00,https://www.cloudflare.com,https://www.cloudflare.com/,200,0.278266,
2026-01-20T01:24:33+00:00,https://www.extremenetworks.com,https://www.extremenetworks.com/,200,0.401859,
2026-01-20T01:29:33+00:00,https://example.com,https://example.com/,200,0.054034,
2026-01-20T01:29:33+00:00,https://www.cloudflare.com,https://www.cloudflare.com/,200,0.292264,
2026-01-20T01:29:33+00:00,https://www.extremenetworks.com,https://www.extremenetworks.com/,200,0.393456,
2026-01-20T01:34:34+00:00,https://example.com,https://example.com/,200,0.065773,
2026-01-20T01:34:34+00:00,https://www.cloudflare.com,https://www.cloudflare.com/,200,0.275167,
2026-01-20T01:34:34+00:00,https://www.extremenetworks.com,https://www.extremenetworks.com/,200,0.356502,
2026-01-20T01:39:35+00:00,https://example.com,https://example.com/,200,0.055017,
2026-01-20T01:39:35+00:00,https://www.cloudflare.com,https://www.cloudflare.com/,200,0.250213,
2026-01-20T01:39:35+00:00,https://www.extremenetworks.com,https://www.extremenetworks.com/,200,0.385219,
2026-01-20T01:44:36+00:00,https://example.com,https://example.com/,200,0.054318,
2026-01-20T01:44:36+00:00,https://www.cloudflare.com,https://www.cloudflare.com/,200,0.368022,
2026-01-20T01:44:36+00:00,https://www.extremenetworks.com,https://www.extremenetworks.com/,200,0.393766,
2026-01-20T01:49:36+00:00,https://example.com,https://example.com/,200,0.078712,
2026-01-20T01:49:36+00:00,https://www.cloudflare.com,https://www.cloudflare.com/,200,0.325642,
2026-01-20T01:49:36+00:00,https://www.extremenetworks.com,https://www.extremenetworks.com/,200,0.347416,
2026-01-20T01:54:37+00:00,https://example.com,https://example.com/,200,0.057344,
2026-01-20T01:54:37+00:00,https://www.cloudflare.com,https://www.cloudflare.com/,200,0.262857,
2026-01-20T01:54:37+00:00,https://www.extremenetworks.com,https://www.extremenetworks.com/,200,0.389393,
2026-01-20T01:59:38+00:00,https://example.com,https://example.com/,200,0.062646,
2026-01-20T01:59:38+00:00,https://www.cloudflare.com,https://www.cloudflare.com/,200,0.276389,
2026-01-20T01:59:38+00:00,https://www.extremenetworks.com,https://www.extremenetworks.com/,200,0.387477,
2026-01-20T02:04:39+00:00,https://example.com,https://example.com/,200,0.057747,
2026-01-20T02:04:39+00:00,https://www.cloudflare.com,https://www.cloudflare.com/,200,0.310539,
2026-01-20T02:04:39+00:00,https://www.extremenetworks.com,https://www.extremenetworks.com/,200,0.363584,
2026-01-20T02:09:40+00:00,https://example.com,https://example.com/,200,0.056906,
2026-01-20T02:09:40+00:00,https://www.cloudflare.com,https://www.cloudflare.com/,200,0.365155,
2026-01-20T02:09:40+00:00,https://www.extremenetworks.com,https://www.extremenetworks.com/,200,0.42874,
2026-01-20T02:14:40+00:00,https://example.com,https://example.com/,200,0.064746,
2026-01-20T02:14:40+00:00,https://www.cloudflare.com,https://www.cloudflare.com/,200,0.274572,
2026-01-20T02:14:40+00:00,https://www.extremenetworks.com,https://www.extremenetworks.com/,200,0.396709,
2026-01-20T02:19:41+00:00,https://example.com,https://example.com/,200,0.068669,
2026-01-20T02:19:41+00:00,https://www.cloudflare.com,https://www.cloudflare.com/,200,0.298952,
2026-01-20T02:19:41+00:00,https://www.extremenetworks.com,https://www.extremenetworks.com/,200,0.389363,
2026-01-20T02:24:42+00:00,https://example.com,https://example.com/,200,0.067058,
2026-01-20T02:24:42+00:00,https://www.cloudflare.com,https://www.cloudflare.com/,200,0.317381,
2026-01-20T02:24:42+00:00,https://www.extremenetworks.com,https://www.extremenetworks.com/,200,0.390054,
2026-01-20T02:29:43+00:00,https://example.com,https://example.com/,200,0.060562,
2026-01-20T02:29:43+00:00,https://www.cloudflare.com,https://www.cloudflare.com/,200,0.28533,
2026-01-20T02:29:43+00:00,https://www.extremenetworks.com,https://www.extremenetworks.com/,200,0.355235,
2026-01-20T02:34:44+00:00,https://example.com,https://example.com/,200,0.0598,
2026-01-20T02:34:44+00:00,https://www.cloudflare.com,https://www.cloudflare.com/,200,0.299898,
2026-01-20T02:34:44+00:00,https://www.extremenetworks.com,https://www.extremenetworks.com/,200,0.376555,
2026-01-20T02:39:44+00:00,https://example.com,https://example.com/,200,0.0613,
2026-01-20T02:39:44+00:00,https://www.cloudflare.com,https://www.cloudflare.com/,200,0.309796,
2026-01-20T02:39:44+00:00,https://www.extremenetworks.com,https://www.extremenetworks.com/,200,0.391572,
2026-01-20T02:44:45+00:00,https://example.com,https://example.com/,200,0.059421,
2026-01-20T02:44:45+00:00,https://www.cloudflare.com,https://www.cloudflare.com/,200,0.401057,
2026-01-20T02:44:45+00:00,https://www.extremenetworks.com,https://www.extremenetworks.com/,200,0.403621,
2026-01-20T02:49:46+00:00,https://example.com,https://example.com/,200,0.061628,
2026-01-20T02:49:46+00:00,https://www.cloudflare.com,https://www.cloudflare.com/,200,0.345229,
2026-01-20T02:49:46+00:00,https://www.extremenetworks.com,https://www.extremenetworks.com/,200,0.378513,
2026-01-20T02:54:47+00:00,https://example.com,https://example.com/,200,0.056613,
2026-01-20T02:54:47+00:00,https://www.cloudflare.com,https://www.cloudflare.com/,200,0.327316,
2026-01-20T02:54:47+00:00,https://www.extremenetworks.com,https://www.extremenetworks.com/,200,0.425105,
2026-01-20T02:59:48+00:00,https://example.com,https://example.com/,200,0.056206,
2026-01-20T02:59:48+00:00,https://www.cloudflare.com,https://www.cloudflare.com/,200,0.258636,
2026-01-20T02:59:48+00:00,https://www.extremenetworks.com,https://www.extremenetworks.com/,200,0.373944,
2026-01-20T03:04:48+00:00,https://example.com,https://example.com/,200,0.065908,
2026-01-20T03:04:48+00:00,https://www.cloudflare.com,https://www.cloudflare.com/,200,1.338928,
2026-01-20T03:04:48+00:00,https://www.extremenetworks.com,https://www.extremenetworks.com/,200,0.377433,
2026-01-20T03:09:50+00:00,https://example.com,https://example.com/,200,0.061946,
2026-01-20T03:09:50+00:00,https://www.cloudflare.com,https://www.cloudflare.com/,200,0.273836,
2026-01-20T03:09:50+00:00,https://www.extremenetworks.com,https://www.extremenetworks.com/,200,0.371784,
2026-01-20T03:14:51+00:00,https://example.com,https://example.com/,200,0.057505,
2026-01-20T03:14:51+00:00,https://www.cloudflare.com,https://www.cloudflare.com/,200,0.224199,
2026-01-20T03:14:51+00:00,https://www.extremenetworks.com,https://www.extremenetworks.com/,200,0.408791,
2026-01-20T03:19:52+00:00,https://example.com,https://example.com/,200,0.059161,
2026-01-20T03:19:52+00:00,https://www.cloudflare.com,https://www.cloudflare.com/,200,0.350332,
2026-01-20T03:19:52+00:00,https://www.extremenetworks.com,https://www.extremenetworks.com/,200,0.370467,
2026-01-20T03:24:53+00:00,https://example.com,https://example.com/,200,0.063357,
2026-01-20T03:24:53+00:00,https://www.cloudflare.com,https://www.cloudflare.com/,200,0.305304,
2026-01-20T03:24:53+00:00,https://www.extremenetworks.com,https://www.extremenetworks.com/,200,0.437383,
2026-01-20T03:29:53+00:00,https://example.com,https://example.com/,200,0.078202,
2026-01-20T03:29:53+00:00,https://www.cloudflare.com,https://www.cloudflare.com/,200,0.326763,
2026-01-20T03:29:53+00:00,https://www.extremenetworks.com,https://www.extremenetworks.com/,200,0.381842,
2026-01-20T03:34:54+00:00,https://example.com,https://example.com/,200,0.055693,
2026-01-20T03:34:54+00:00,https://www.cloudflare.com,https://www.cloudflare.com/,200,0.258905,
2026-01-20T03:34:54+00:00,https://www.extremenetworks.com,https://www.extremenetworks.com/,200,0.365413,
2026-01-20T03:39:55+00:00,https://example.com,https://example.com/,200,0.056792,
2026-01-20T03:39:55+00:00,https://www.cloudflare.com,https://www.cloudflare.com/,200,0.277878,
2026-01-20T03:39:55+00:00,https://www.extremenetworks.com,https://www.extremenetworks.com/,200,0.388271,
2026-01-20T03:44:56+00:00,https://example.com,https://example.com/,200,0.059482,
2026-01-20T03:44:56+00:00,https://www.cloudflare.com,https://www.cloudflare.com/,200,0.334277,
2026-01-20T03:44:56+00:00,https://www.extremenetworks.com,https://www.extremenetworks.com/,200,0.369824,
2026-01-20T03:49:57+00:00,https://example.com,https://example.com/,200,0.064723,
2026-01-20T03:49:57+00:00,https://www.cloudflare.com,https://www.cloudflare.com/,200,0.256312,
2026-01-20T03:49:57+00:00,https://www.extremenetworks.com,https://www.extremenetworks.com/,200,0.359295,
2026-01-20T03:54:57+00:00,https://example.com,https://example.com/,200,0.055158,
2026-01-20T03:54:57+00:00,https://www.cloudflare.com,https://www.cloudflare.com/,200,0.262764,
2026-01-20T03:54:57+00:00,https://www.extremenetworks.com,https://www.extremenetworks.com/,200,0.377491,
2026-01-20T03:59:58+00:00,https://example.com,https://example.com/,200,0.058524,
2026-01-20T03:59:58+00:00,https://www.cloudflare.com,https://www.cloudflare.com/,200,0.278354,
2026-01-20T03:59:58+00:00,https://www.extremenetworks.com,https://www.extremenetworks.com/,200,0.369346,
2026-01-20T04:04:59+00:00,https://example.com,https://example.com/,200,0.063493,
2026-01-20T04:04:59+00:00,https://www.cloudflare.com,https://www.cloudflare.com/,200,0.195324,
2026-01-20T04:04:59+00:00,https://www.extremenetworks.com,https://www.extremenetworks.com/,200,0.355901,
2026-01-20T04:09:59+00:00,https://example.com,https://example.com/,200,0.068712,
2026-01-20T04:09:59+00:00,https://www.cloudflare.com,https://www.cloudflare.com/,200,0.243025,
2026-01-20T04:09:59+00:00,https://www.extremenetworks.com,https://www.extremenetworks.com/,200,0.39775,
2026-01-20T04:15:00+00:00,https://example.com,https://example.com/,200,0.07381,
2026-01-20T04:15:00+00:00,https://www.cloudflare.com,https://www.cloudflare.com/,200,0.270743,
2026-01-20T04:15:00+00:00,https://www.extremenetworks.com,https://www.extremenetworks.com/,200,0.368141,
2026-01-20T04:20:01+00:00,https://example.com,https://example.com/,200,0.060674,
2026-01-20T04:20:01+00:00,https://www.cloudflare.com,https://www.cloudflare.com/,200,0.245866,
2026-01-20T04:20:01+00:00,https://www.extremenetworks.com,https://www.extremenetworks.com/,200,0.429163,
2026-01-20T04:25:02+00:00,https://example.com,https://example.com/,200,0.068907,
2026-01-20T04:25:02+00:00,https://www.cloudflare.com,https://www.cloudflare.com/,200,0.242991,
2026-01-20T04:25:02+00:00,https://www.extremenetworks.com,https://www.extremenetworks.com/,200,0.40429,
2026-01-20T04:30:02+00:00,https://example.com,https://example.com/,200,0.054953,
2026-01-20T04:30:02+00:00,https://www.cloudflare.com,https://www.cloudflare.com/,200,0.285281,
2026-01-20T04:30:02+00:00,https://www.extremenetworks.com,https://www.extremenetworks.com/,200,0.422137,
2026-01-20T04:35:03+00:00,https://example.com,https://example.com/,200,0.063588,
2026-01-20T04:35:03+00:00,https://www.cloudflare.com,https://www.cloudflare.com/,200,0.262582,
2026-01-20T04:35:03+00:00,https://www.extremenetworks.com,https://www.extremenetworks.com/,200,0.373591,
2026-01-20T04:40:04+00:00,https://example.com,https://example.com/,200,0.055304,
2026-01-20T04:40:04+00:00,https://www.cloudflare.com,https://www.cloudflare.com/,200,0.308185,
2026-01-20T04:40:04+00:00,https://www.extremenetworks.com,https://www.extremenetworks.com/,200,0.445037,
2026-01-20T04:45:05+00:00,https://example.com,https://example.com/,200,0.054432,
2026-01-20T04:45:05+00:00,https://www.cloudflare.com,https://www.cloudflare.com/,200,0.401372,
2026-01-20T04:45:05+00:00,https://www.extremenetworks.com,https://www.extremenetworks.com/,200,0.387814,
2026-01-20T04:50:06+00:00,https://example.com,https://example.com/,200,0.056422,
2026-01-20T04:50:06+00:00,https://www.cloudflare.com,https://www.cloudflare.com/,200,0.335466,
2026-01-20T04:50:06+00:00,https://www.extremenetworks.com,https://www.extremenetworks.com/,200,0.356955,
2026-01-20T04:55:07+00:00,https://example.com,https://example.com/,200,0.056697,
2026-01-20T04:55:07+00:00,https://www.cloudflare.com,https://www.cloudflare.com/,200,0.398581,
2026-01-20T04:55:07+00:00,https://www.extremenetworks.com,https://www.extremenetworks.com/,200,0.386032,
2026-01-20T05:00:07+00:00,https://example.com,https://example.com/,200,0.057728,
2026-01-20T05:00:07+00:00,https://www.cloudflare.com,https://www.cloudflare.com/,200,0.241688,
2026-01-20T05:00:07+00:00,https://www.extremenetworks.com,https://www.extremenetworks.com/,200,0.391611,
2026-01-20T05:05:08+00:00,https://example.com,https://example.com/,200,0.059314,
2026-01-20T05:05:08+00:00,https://www.cloudflare.com,https://www.cloudflare.com/,200,0.27497,
2026-01-20T05:05:08+00:00,https://www.extremenetworks.com,https://www.extremenetworks.com/,200,0.359187,
2026-01-20T05:10:09+00:00,https://example.com,https://example.com/,200,0.057919,
2026-01-20T05:10:09+00:00,https://www.cloudflare.com,https://www.cloudflare.com/,200,0.26683,
2026-01-20T05:10:09+00:00,https://www.extremenetworks.com,https://www.extremenetworks.com/,200,0.387942,
2026-01-20T05:15:10+00:00,https://example.com,https://example.com/,200,0.063281,
2026-01-20T05:15:10+00:00,https://www.cloudflare.com,https://www.cloudflare.com/,200,0.260695,
2026-01-20T05:15:10+00:00,https://www.extremenetworks.com,https://www.extremenetworks.com/,200,0.425745,
2026-01-20T05:20:10+00:00,https://example.com,https://example.com/,200,0.054068,
2026-01-20T05:20:10+00:00,https://www.cloudflare.com,https://www.cloudflare.com/,200,0.251916,
2026-01-20T05:20:10+00:00,https://www.extremenetworks.com,https://www.extremenetworks.com/,200,0.370262,
2026-01-20T05:25:11+00:00,https://example.com,https://example.com/,200,0.06484,
2026-01-20T05:25:11+00:00,https://www.cloudflare.com,https://www.cloudflare.com/,200,0.246833,
2026-01-20T05:25:11+00:00,https://www.extremenetworks.com,https://www.extremenetworks.com/,200,0.377336,
2026-01-20T05:30:12+00:00,https://example.com,https://example.com/,200,0.057984,
2026-01-20T05:30:12+00:00,https://www.cloudflare.com,https://www.cloudflare.com/,200,0.252468,
2026-01-20T05:30:12+00:00,https://www.extremenetworks.com,https://www.extremenetworks.com/,200,0.381883,
2026-01-20T05:35:13+00:00,https://example.com,https://example.com/,200,0.056405,
2026-01-20T05:35:13+00:00,https://www.cloudflare.com,https://www.cloudflare.com/,200,0.374677,
2026-01-20T05:35:13+00:00,https://www.extremenetworks.com,https://www.extremenetworks.com/,200,0.354242,
2026-01-20T05:40:13+00:00,https://example.com,https://example.com/,200,0.064861,
2026-01-20T05:40:13+00:00,https://www.cloudflare.com,https://www.cloudflare.com/,200,0.335537,
2026-01-20T05:40:13+00:00,https://www.extremenetworks.com,https://www.extremenetworks.com/,200,0.36518,
2026-01-20T05:45:14+00:00,https://example.com,https://example.com/,200,0.05621,
2026-01-20T05:45:14+00:00,https://www.cloudflare.com,https://www.cloudflare.com/,200,0.22281,
2026-01-20T05:45:14+00:00,https://www.extremenetworks.com,https://www.extremenetworks.com/,200,0.359319,
2026-01-20T05:50:15+00:00,https://example.com,https://example.com/,200,0.05408,
2026-01-20T05:50:15+00:00,https://www.cloudflare.com,https://www.cloudflare.com/,200,0.226277,
2026-01-20T05:50:15+00:00,https://www.extremenetworks.com,https://www.extremenetworks.com/,200,0.418596,
2026-01-20T05:55:16+00:00,https://example.com,https://example.com/,200,0.060788,
2026-01-20T05:55:16+00:00,https://www.cloudflare.com,https://www.cloudflare.com/,200,0.256908,
2026-01-20T05:55:16+00:00,https://www.extremenetworks.com,https://www.extremenetworks.com/,200,0.405827,
2026-01-20T06:00:16+00:00,https://example.com,https://example.com/,200,0.060231,
2026-01-20T06:00:16+00:00,https://www.cloudflare.com,https://www.cloudflare.com/,200,0.229174,
2026-01-20T06:00:16+00:00,https://www.extremenetworks.com,https://www.extremenetworks.com/,200,0.400197,
2026-01-20T06:05:17+00:00,https://example.com,https://example.com/,200,0.056326,
2026-01-20T06:05:17+00:00,https://www.cloudflare.com,https://www.cloudflare.com/,200,0.205505,
2026-01-20T06:05:17+00:00,https://www.extremenetworks.com,https://www.extremenetworks.com/,200,0.431565,
2026-01-20T06:10:18+00:00,https://example.com,https://example.com/,200,0.05781,
2026-01-20T06:10:18+00:00,https://www.cloudflare.com,https://www.cloudflare.com/,200,0.251868,
2026-01-20T06:10:18+00:00,https://www.extremenetworks.com,https://www.extremenetworks.com/,200,0.389408,
2026-01-20T06:15:19+00:00,https://example.com,https://example.com/,200,0.056615,
2026-01-20T06:15:19+00:00,https://www.cloudflare.com,https://www.cloudflare.com/,200,0.254842,
2026-01-20T06:15:19+00:00,https://www.extremenetworks.com,https://www.extremenetworks.com/,200,0.39505,
2026-01-20T06:20:19+00:00,https://example.com,https://example.com/,200,0.053967,
2026-01-20T06:20:19+00:00,https://www.cloudflare.com,https://www.cloudflare.com/,200,0.512715,
2026-01-20T06:20:19+00:00,https://www.extremenetworks.com,https://www.extremenetworks.com/,200,0.388182,
2026-01-20T06:25:20+00:00,https://example.com,https://example.com/,200,0.056923,
2026-01-20T06:25:20+00:00,https://www.cloudflare.com,https://www.cloudflare.com/,200,0.238734,
2026-01-20T06:25:20+00:00,https://www.extremenetworks.com,https://www.extremenetworks.com/,200,0.369608,
2026-01-20T06:30:21+00:00,https://example.com,https://example.com/,200,0.058756,
2026-01-20T06:30:21+00:00,https://www.cloudflare.com,https://www.cloudflare.com/,200,0.327524,
2026-01-20T06:30:21+00:00,https://www.extremenetworks.com,https://www.extremenetworks.com/,200,0.380548,
2026-01-20T06:35:22+00:00,https://example.com,https://example.com/,200,0.058398,
2026-01-20T06:35:22+00:00,https://www.cloudflare.com,https://www.cloudflare.com/,200,0.308769,
2026-01-20T06:35:22+00:00,https://www.extremenetworks.com,https://www.extremenetworks.com/,200,0.402344,
2026-01-20T06:40:23+00:00,https://example.com,https://example.com/,200,0.056393,
2026-01-20T06:40:23+00:00,https://www.cloudflare.com,https://www.cloudflare.com/,200,0.252938,
2026-01-20T06:40:23+00:00,https://www.extremenetworks.com,https://www.extremenetworks.com/,200,0.403805,
2026-01-20T06:45:23+00:00,https://example.com,https://example.com/,200,0.058027,
2026-01-20T06:45:23+00:00,https://www.cloudflare.com,https://www.cloudflare.com/,200,0.236108,
2026-01-20T06:45:23+00:00,https://www.extremenetworks.com,https://www.extremenetworks.com/,200,0.394851,
2026-01-20T06:50:24+00:00,https://example.com,https://example.com/,200,0.062661,
2026-01-20T06:50:24+00:00,https://www.cloudflare.com,https://www.cloudflare.com/,200,0.229221,
2026-01-20T06:50:24+00:00,https://www.extremenetworks.com,https://www.extremenetworks.com/,200,0.376548,
2026-01-20T06:55:25+00:00,https://example.com,https://example.com/,200,0.056716,
2026-01-20T06:55:25+00:00,https://www.cloudflare.com,https://www.cloudflare.com/,200,0.321186,
2026-01-20T06:55:25+00:00,https://www.extremenetworks.com,https://www.extremenetworks.com/,200,0.343456,
2026-01-20T07:00:26+00:00,https://example.com,https://example.com/,200,0.054289,
2026-01-20T07:00:26+00:00,https://www.cloudflare.com,https://www.cloudflare.com/,200,0.29722,
2026-01-20T07:00:26+00:00,https://www.extremenetworks.com,https://www.extremenetworks.com/,200,0.391666,
2026-01-20T07:05:26+00:00,https://example.com,https://example.com/,200,0.058664,
2026-01-20T07:05:26+00:00,https://www.cloudflare.com,https://www.cloudflare.com/,200,0.234854,
2026-01-20T07:05:26+00:00,https://www.extremenetworks.com,https://www.extremenetworks.com/,200,0.3865,
2026-01-20T07:10:27+00:00,https://example.com,https://example.com/,200,0.057979,
2026-01-20T07:10:27+00:00,https://www.cloudflare.com,https://www.cloudflare.com/,200,0.278118,
2026-01-20T07:10:27+00:00,https://www.extremenetworks.com,https://www.extremenetworks.com/,200,0.399885,
2026-01-20T07:15:28+00:00,https://example.com,https://example.com/,200,0.057108,
2026-01-20T07:15:28+00:00,https://www.cloudflare.com,https://www.cloudflare.com/,200,0.271557,
2026-01-20T07:15:28+00:00,https://www.extremenetworks.com,https://www.extremenetworks.com/,200,0.395852,
2026-01-20T07:20:29+00:00,https://example.com,https://example.com/,200,0.057135,
2026-01-20T07:20:29+00:00,https://www.cloudflare.com,https://www.cloudflare.com/,200,0.260829,
2026-01-20T07:20:29+00:00,https://www.extremenetworks.com,https://www.extremenetworks.com/,200,0.385326,
2026-01-20T07:25:29+00:00,https://example.com,https://example.com/,200,0.055742,
2026-01-20T07:25:29+00:00,https://www.cloudflare.com,https://www.cloudflare.com/,200,0.266058,
2026-01-20T07:25:29+00:00,https://www.extremenetworks.com,https://www.extremenetworks.com/,200,0.374345,
2026-01-20T07:30:30+00:00,https://example.com,https://example.com/,200,0.05889,
2026-01-20T07:30:30+00:00,https://www.cloudflare.com,https://www.cloudflare.com/,200,0.258543,
2026-01-20T07:30:30+00:00,https://www.extremenetworks.com,https://www.extremenetworks.com/,200,0.398768,
2026-01-20T07:35:31+00:00,https://example.com,https://example.com/,200,0.055454,
2026-01-20T07:35:31+00:00,https://www.cloudflare.com,https://www.cloudflare.com/,200,0.255462,
2026-01-20T07:35:31+00:00,https://www.extremenetworks.com,https://www.extremenetworks.com/,200,0.389882,
2026-01-20T07:40:32+00:00,https://example.com,https://example.com/,200,0.054063,
2026-01-20T07:40:32+00:00,https://www.cloudflare.com,https://www.cloudflare.com/,200,0.219665,
2026-01-20T07:40:32+00:00,https://www.extremenetworks.com,https://www.extremenetworks.com/,200,0.400831,
2026-01-20T07:45:32+00:00,https://example.com,https://example.com/,200,0.054165,
2026-01-20T07:45:32+00:00,https://www.cloudflare.com,https://www.cloudflare.com/,200,0.224464,
2026-01-20T07:45:32+00:00,https://www.extremenetworks.com,https://www.extremenetworks.com/,200,0.364606,
2026-01-20T07:50:33+00:00,https://example.com,https://example.com/,200,0.057764,
2026-01-20T07:50:33+00:00,https://www.cloudflare.com,https://www.cloudflare.com/,200,0.323842,
2026-01-20T07:50:33+00:00,https://www.extremenetworks.com,https://www.extremenetworks.com/,200,0.366285,
2026-01-20T07:55:34+00:00,https://example.com,https://example.com/,200,0.0574,
2026-01-20T07:55:34+00:00,https://www.cloudflare.com,https://www.cloudflare.com/,200,0.232237,
2026-01-20T07:55:34+00:00,https://www.extremenetworks.com,https://www.extremenetworks.com/,200,0.389876,
2026-01-20T08:00:35+00:00,https://example.com,https://example.com/,200,0.057536,
2026-01-20T08:00:35+00:00,https://www.cloudflare.com,https://www.cloudflare.com/,200,0.251057,
2026-01-20T08:00:35+00:00,https://www.extremenetworks.com,https://www.extremenetworks.com/,200,0.349635,
2026-01-20T08:05:35+00:00,https://example.com,https://example.com/,200,0.061289,
2026-01-20T08:05:35+00:00,https://www.cloudflare.com,https://www.cloudflare.com/,200,0.305219,
2026-01-20T08:05:35+00:00,https://www.extremenetworks.com,https://www.extremenetworks.com/,200,0.384196,
2026-01-20T08:10:36+00:00,https://example.com,https://example.com/,200,0.053758,
2026-01-20T08:10:36+00:00,https://www.cloudflare.com,https://www.cloudflare.com/,200,0.253391,
2026-01-20T08:10:36+00:00,https://www.extremenetworks.com,https://www.extremenetworks.com/,200,0.394695,
2026-01-20T08:15:37+00:00,https://example.com,https://example.com/,200,0.05509,
2026-01-20T08:15:37+00:00,https://www.cloudflare.com,https://www.cloudflare.com/,200,0.245335,
2026-01-20T08:15:37+00:00,https://www.extremenetworks.com,https://www.extremenetworks.com/,200,0.37345,
2026-01-20T08:20:37+00:00,https://example.com,https://example.com/,200,0.054314,
2026-01-20T08:20:37+00:00,https://www.cloudflare.com,https://www.cloudflare.com/,200,0.310939,
2026-01-20T08:20:37+00:00,https://www.extremenetworks.com,https://www.extremenetworks.com/,200,0.345596,
2026-01-20T08:25:38+00:00,https://example.com,https://example.com/,200,0.055537,
2026-01-20T08:25:38+00:00,https://www.cloudflare.com,https://www.cloudflare.com/,200,0.264032,
2026-01-20T08:25:38+00:00,https://www.extremenetworks.com,https://www.extremenetworks.com/,200,0.382889,
2026-01-20T08:30:39+00:00,https://example.com,https://example.com/,200,0.057339,
2026-01-20T08:30:39+00:00,https://www.cloudflare.com,https://www.cloudflare.com/,200,0.213592,
2026-01-20T08:30:39+00:00,https://www.extremenetworks.com,https://www.extremenetworks.com/,200,0.409898,
2026-01-20T08:35:40+00:00,https://example.com,https://example.com/,200,0.058132,
2026-01-20T08:35:40+00:00,https://www.cloudflare.com,https://www.cloudflare.com/,200,0.231631,
2026-01-20T08:35:40+00:00,https://www.extremenetworks.com,https://www.extremenetworks.com/,200,0.39762,
2026-01-20T08:40:40+00:00,https://example.com,https://example.com/,200,0.054827,
2026-01-20T08:40:40+00:00,https://www.cloudflare.com,https://www.cloudflare.com/,200,0.236032,
2026-01-20T08:40:40+00:00,https://www.extremenetworks.com,https://www.extremenetworks.com/,200,0.372553,
2026-01-20T08:45:41+00:00,https://example.com,https://example.com/,200,0.058133,
2026-01-20T08:45:41+00:00,https://www.cloudflare.com,https://www.cloudflare.com/,200,0.208483,
2026-01-20T08:45:41+00:00,https://www.extremenetworks.com,https://www.extremenetworks.com/,200,0.376092,
2026-01-20T08:50:42+00:00,https://example.com,https://example.com/,200,0.055526,
2026-01-20T08:50:42+00:00,https://www.cloudflare.com,https://www.cloudflare.com/,200,0.238967,
2026-01-20T08:50:42+00:00,https://www.extremenetworks.com,https://www.extremenetworks.com/,200,0.355733,
2026-01-20T08:55:43+00:00,https://example.com,https://example.com/,200,0.056872,
2026-01-20T08:55:43+00:00,https://www.cloudflare.com,https://www.cloudflare.com/,200,0.24106,
2026-01-20T08:55:43+00:00,https://www.extremenetworks.com,https://www.extremenetworks.com/,200,0.376487,
2026-01-20T09:00:43+00:00,https://example.com,https://example.com/,200,0.058723,
2026-01-20T09:00:43+00:00,https://www.cloudflare.com,https://www.cloudflare.com/,200,0.267701,
2026-01-20T09:00:43+00:00,https://www.extremenetworks.com,https://www.extremenetworks.com/,200,0.422851,
2026-01-20T09:05:44+00:00,https://example.com,https://example.com/,200,0.061948,
2026-01-20T09:05:44+00:00,https://www.cloudflare.com,https://www.cloudflare.com/,200,0.341067,
2026-01-20T09:05:44+00:00,https://www.extremenetworks.com,https://www.extremenetworks.com/,200,0.367652,
2026-01-20T09:10:45+00:00,https://example.com,https://example.com/,200,0.058409,
2026-01-20T09:10:45+00:00,https://www.cloudflare.com,https://www.cloudflare.com/,200,0.225442,
2026-01-20T09:10:45+00:00,https://www.extremenetworks.com,https://www.extremenetworks.com/,200,0.38302,
2026-01-20T09:15:46+00:00,https://example.com,https://example.com/,200,0.05283,
2026-01-20T09:15:46+00:00,https://www.cloudflare.com,https://www.cloudflare.com/,200,0.213689,
2026-01-20T09:15:46+00:00,https://www.extremenetworks.com,https://www.extremenetworks.com/,200,0.413267,
2026-01-20T09:20:46+00:00,https://example.com,https://example.com/,200,0.057528,
2026-01-20T09:20:46+00:00,https://www.cloudflare.com,https://www.cloudflare.com/,200,0.289423,
2026-01-20T09:20:46+00:00,https://www.extremenetworks.com,https://www.extremenetworks.com/,200,0.345866,
2026-01-20T09:25:47+00:00,https://example.com,https://example.com/,200,0.05476,
2026-01-20T09:25:47+00:00,https://www.cloudflare.com,https://www.cloudflare.com/,200,0.255474,
2026-01-20T09:25:47+00:00,https://www.extremenetworks.com,https://www.extremenetworks.com/,200,0.377173,
2026-01-20T09:30:48+00:00,https://example.com,https://example.com/,200,0.057608,
2026-01-20T09:30:48+00:00,https://www.cloudflare.com,https://www.cloudflare.com/,200,0.353776,
2026-01-20T09:30:48+00:00,https://www.extremenetworks.com,https://www.extremenetworks.com/,200,0.403373,
2026-01-20T09:35:49+00:00,https://example.com,https://example.com/,200,0.059275,
2026-01-20T09:35:49+00:00,https://www.cloudflare.com,https://www.cloudflare.com/,200,0.256412,
2026-01-20T09:35:49+00:00,https://www.extremenetworks.com,https://www.extremenetworks.com/,200,0.393184,
2026-01-20T09:40:49+00:00,https://example.com,https://example.com/,200,0.066323,
2026-01-20T09:40:49+00:00,https://www.cloudflare.com,https://www.cloudflare.com/,200,0.273777,
2026-01-20T09:40:49+00:00,https://www.extremenetworks.com,https://www.extremenetworks.com/,200,0.416189,
2026-01-20T09:45:50+00:00,https://example.com,https://example.com/,200,0.056566,
2026-01-20T09:45:50+00:00,https://www.cloudflare.com,https://www.cloudflare.com/,200,0.228524,
2026-01-20T09:45:50+00:00,https://www.extremenetworks.com,https://www.extremenetworks.com/,200,0.387617,
2026-01-20T09:50:51+00:00,https://example.com,https://example.com/,200,0.058218,
2026-01-20T09:50:51+00:00,https://www.cloudflare.com,https://www.cloudflare.com/,200,0.236092,
2026-01-20T09:50:51+00:00,https://www.extremenetworks.com,https://www.extremenetworks.com/,200,0.380466,
2026-01-20T09:55:52+00:00,https://example.com,https://example.com/,200,0.055019,
2026-01-20T09:55:52+00:00,https://www.cloudflare.com,https://www.cloudflare.com/,200,0.311589,
2026-01-20T09:55:52+00:00,https://www.extremenetworks.com,https://www.extremenetworks.com/,200,0.373082,
2026-01-20T10:00:52+00:00,https://example.com,https://example.com/,200,0.056521,
2026-01-20T10:00:52+00:00,https://www.cloudflare.com,https://www.cloudflare.com/,200,0.214782,
2026-01-20T10:00:52+00:00,https://www.extremenetworks.com,https://www.extremenetworks.com/,200,0.394878,
2026-01-20T10:05:53+00:00,https://example.com,https://example.com/,200,0.058044,
2026-01-20T10:05:53+00:00,https://www.cloudflare.com,https://www.cloudflare.com/,200,0.223471,
2026-01-20T10:05:53+00:00,https://www.extremenetworks.com,https://www.extremenetworks.com/,200,0.382341,
2026-01-20T10:10:54+00:00,https://example.com,https://example.com/,200,0.061738,
2026-01-20T10:10:54+00:00,https://www.cloudflare.com,https://www.cloudflare.com/,200,0.239229,
2026-01-20T10:10:54+00:00,https://www.extremenetworks.com,https://www.extremenetworks.com/,200,0.366732,
2026-01-20T10:15:54+00:00,https://example.com,https://example.com/,200,0.05652,
2026-01-20T10:15:54+00:00,https://www.cloudflare.com,https://www.cloudflare.com/,200,0.249412,
2026-01-20T10:15:54+00:00,https://www.extremenetworks.com,https://www.extremenetworks.com/,200,0.383782,
2026-01-20T10:20:55+00:00,https://example.com,https://example.com/,200,0.056143,
2026-01-20T10:20:55+00:00,https://www.cloudflare.com,https://www.cloudflare.com/,200,0.259308,
2026-01-20T10:20:55+00:00,https://www.extremenetworks.com,https://www.extremenetworks.com/,200,0.373043,
2026-01-20T10:25:56+00:00,https://example.com,https://example.com/,200,0.057039,
2026-01-20T10:25:56+00:00,https://www.cloudflare.com,https://www.cloudflare.com/,200,0.252167,
2026-01-20T10:25:56+00:00,https://www.extremenetworks.com,https://www.extremenetworks.com/,200,0.370735,
2026-01-20T10:30:57+00:00,https://example.com,https://example.com/,200,0.067,
2026-01-20T10:30:57+00:00,https://www.cloudflare.com,https://www.cloudflare.com/,200,0.488694,
2026-01-20T10:30:57+00:00,https://www.extremenetworks.com,https://www.extremenetworks.com/,200,0.350902,
2026-01-20T10:35:58+00:00,https://example.com,https://example.com/,200,0.05531,
2026-01-20T10:35:58+00:00,https://www.cloudflare.com,https://www.cloudflare.com/,200,0.23254,
2026-01-20T10:35:58+00:00,https://www.extremenetworks.com,https://www.extremenetworks.com/,200,0.412493,
2026-01-20T10:40:58+00:00,https://example.com,https://example.com/,200,0.05454,
2026-01-20T10:40:58+00:00,https://www.cloudflare.com,https://www.cloudflare.com/,200,0.339987,
2026-01-20T10:40:58+00:00,https://www.extremenetworks.com,https://www.extremenetworks.com/,200,0.416771,
2026-01-20T10:45:59+00:00,https://example.com,https://example.com/,200,0.057907,
2026-01-20T10:45:59+00:00,https://www.cloudflare.com,https://www.cloudflare.com/,403,0.053117,
2026-01-20T10:45:59+00:00,https://www.extremenetworks.com,https://www.extremenetworks.com/,200,0.394252,
2026-01-20T10:51:00+00:00,https://example.com,https://example.com/,200,0.058518,
2026-01-20T10:51:00+00:00,https://www.cloudflare.com,https://www.cloudflare.com/,200,0.34041,
2026-01-20T10:51:00+00:00,https://www.extremenetworks.com,https://www.extremenetworks.com/,200,0.412692,
2026-01-20T10:56:01+00:00,https://example.com,https://example.com/,200,0.057345,
2026-01-20T10:56:01+00:00,https://www.cloudflare.com,https://www.cloudflare.com/,200,0.32952,
2026-01-20T10:56:01+00:00,https://www.extremenetworks.com,https://www.extremenetworks.com/,200,0.354258,
2026-01-20T11:01:01+00:00,https://example.com,https://example.com/,200,0.054284,
2026-01-20T11:01:01+00:00,https://www.cloudflare.com,https://www.cloudflare.com/,200,0.290368,
2026-01-20T11:01:01+00:00,https://www.extremenetworks.com,https://www.extremenetworks.com/,200,0.359943,
2026-01-20T11:06:02+00:00,https://example.com,https://example.com/,200,0.056251,
2026-01-20T11:06:02+00:00,https://www.cloudflare.com,https://www.cloudflare.com/,200,0.208335,
2026-01-20T11:06:02+00:00,https://www.extremenetworks.com,https://www.extremenetworks.com/,200,0.34273,
2026-01-20T11:11:03+00:00,https://example.com,https://example.com/,200,0.05525,
2026-01-20T11:11:03+00:00,https://www.cloudflare.com,https://www.cloudflare.com/,200,0.251704,
2026-01-20T11:11:03+00:00,https://www.extremenetworks.com,https://www.extremenetworks.com/,200,0.371,
2026-01-20T11:16:03+00:00,https://example.com,https://example.com/,200,0.055341,
2026-01-20T11:16:03+00:00,https://www.cloudflare.com,https://www.cloudflare.com/,200,0.24073,
2026-01-20T11:16:03+00:00,https://www.extremenetworks.com,https://www.extremenetworks.com/,200,0.439103,
2026-01-20T11:21:04+00:00,https://example.com,https://example.com/,200,0.057048,
2026-01-20T11:21:04+00:00,https://www.cloudflare.com,https://www.cloudflare.com/,200,0.327934,
2026-01-20T11:21:04+00:00,https://www.extremenetworks.com,https://www.extremenetworks.com/,200,0.431611,
2026-01-20T11:26:05+00:00,https://example.com,https://example.com/,200,0.058811,
2026-01-20T11:26:05+00:00,https://www.cloudflare.com,https://www.cloudflare.com/,200,0.227563,
2026-01-20T11:26:05+00:00,https://www.extremenetworks.com,https://www.extremenetworks.com/,200,0.345461,
2026-01-20T11:31:06+00:00,https://example.com,https://example.com/,200,0.058229,
2026-01-20T11:31:06+00:00,https://www.cloudflare.com,https://www.cloudflare.com/,200,0.815664,
2026-01-20T11:31:06+00:00,https://www.extremenetworks.com,https://www.extremenetworks.com/,200,0.367947,
2026-01-20T11:36:07+00:00,https://example.com,https://example.com/,200,0.060887,
2026-01-20T11:36:07+00:00,https://www.cloudflare.com,https://www.cloudflare.com/,200,0.310405,
2026-01-20T11:36:07+00:00,https://www.extremenetworks.com,https://www.extremenetworks.com/,200,0.4329,
2026-01-20T11:41:08+00:00,https://example.com,https://example.com/,200,0.054011,
2026-01-20T11:41:08+00:00,https://www.cloudflare.com,https://www.cloudflare.com/,200,0.207664,
2026-01-20T11:41:08+00:00,https://www.extremenetworks.com,https://www.extremenetworks.com/,200,0.389779,
2026-01-20T11:46:09+00:00,https://example.com,https://example.com/,200,0.06728,
2026-01-20T11:46:09+00:00,https://www.cloudflare.com,https://www.cloudflare.com/,200,0.234689,
2026-01-20T11:46:09+00:00,https://www.extremenetworks.com,https://www.extremenetworks.com/,200,0.354124,
2026-01-20T11:51:09+00:00,https://example.com,https://example.com/,200,0.054035,
2026-01-20T11:51:09+00:00,https://www.cloudflare.com,https://www.cloudflare.com/,200,0.238519,
2026-01-20T11:51:09+00:00,https://www.extremenetworks.com,https://www.extremenetworks.com/,200,0.38679,
2026-01-20T11:56:10+00:00,https://example.com,https://example.com/,200,0.05388,
2026-01-20T11:56:10+00:00,https://www.cloudflare.com,https://www.cloudflare.com/,200,0.314262,
2026-01-20T11:56:10+00:00,https://www.extremenetworks.com,https://www.extremenetworks.com/,200,0.374139,
2026-01-20T12:01:11+00:00,https://example.com,https://example.com/,200,0.071431,
2026-01-20T12:01:11+00:00,https://www.cloudflare.com,https://www.cloudflare.com/,200,0.291995,
2026-01-20T12:01:11+00:00,https://www.extremenetworks.com,https://www.extremenetworks.com/,200,0.345879,
2026-01-20T12:06:12+00:00,https://example.com,https://example.com/,200,0.061335,
2026-01-20T12:06:12+00:00,https://www.cloudflare.com,https://www.cloudflare.com/,200,0.277452,
2026-01-20T12:06:12+00:00,https://www.extremenetworks.com,https://www.extremenetworks.com/,200,0.397965,
2026-01-20T12:11:12+00:00,https://example.com,https://example.com/,200,0.060906,
2026-01-20T12:11:12+00:00,https://www.cloudflare.com,https://www.cloudflare.com/,200,0.276769,
2026-01-20T12:11:12+00:00,https://www.extremenetworks.com,https://www.extremenetworks.com/,200,0.417181,
2026-01-20T12:16:13+00:00,https://example.com,https://example.com/,200,0.053241,
2026-01-20T12:16:13+00:00,https://www.cloudflare.com,https://www.cloudflare.com/,200,0.300484,
2026-01-20T12:16:13+00:00,https://www.extremenetworks.com,https://www.extremenetworks.com/,200,0.404424,
2026-01-20T12:21:14+00:00,https://example.com,https://example.com/,200,0.062592,
2026-01-20T12:21:14+00:00,https://www.cloudflare.com,https://www.cloudflare.com/,200,0.217897,
2026-01-20T12:21:14+00:00,https://www.extremenetworks.com,https://www.extremenetworks.com/,200,0.359141,
2026-01-20T12:26:15+00:00,https://example.com,https://example.com/,200,0.053339,
2026-01-20T12:26:15+00:00,https://www.cloudflare.com,https://www.cloudflare.com/,200,0.265892,
2026-01-20T12:26:15+00:00,https://www.extremenetworks.com,https://www.extremenetworks.com/,200,0.357085,
2026-01-20T12:31:15+00:00,https://example.com,https://example.com/,200,0.058633,
2026-01-20T12:31:15+00:00,https://www.cloudflare.com,https://www.cloudflare.com/,200,0.265762,
2026-01-20T12:31:15+00:00,https://www.extremenetworks.com,https://www.extremenetworks.com/,200,0.38286,
2026-01-20T12:36:16+00:00,https://example.com,https://example.com/,200,0.058413,
2026-01-20T12:36:16+00:00,https://www.cloudflare.com,https://www.cloudflare.com/,200,0.261985,
2026-01-20T12:36:16+00:00,https://www.extremenetworks.com,https://www.extremenetworks.com/,200,0.413547,
2026-01-20T12:41:17+00:00,https://example.com,https://example.com/,200,0.063423,
2026-01-20T12:41:17+00:00,https://www.cloudflare.com,https://www.cloudflare.com/,200,0.271564,
2026-01-20T12:41:17+00:00,https://www.extremenetworks.com,https://www.extremenetworks.com/,200,0.392302,
2026-01-20T12:46:18+00:00,https://example.com,https://example.com/,200,0.053914,
2026-01-20T12:46:18+00:00,https://www.cloudflare.com,https://www.cloudflare.com/,200,0.321351,
2026-01-20T12:46:18+00:00,https://www.extremenetworks.com,https://www.extremenetworks.com/,200,0.38325,
2026-01-20T12:51:18+00:00,https://example.com,https://example.com/,200,0.056735,
2026-01-20T12:51:18+00:00,https://www.cloudflare.com,https://www.cloudflare.com/,200,0.326895,
2026-01-20T12:51:18+00:00,https://www.extremenetworks.com,https://www.extremenetworks.com/,200,0.379723,
2026-01-20T12:56:19+00:00,https://example.com,https://example.com/,200,0.054769,
2026-01-20T12:56:19+00:00,https://www.cloudflare.com,https://www.cloudflare.com/,200,0.267181,
2026-01-20T12:56:19+00:00,https://www.extremenetworks.com,https://www.extremenetworks.com/,200,0.358519,
2026-01-20T13:01:20+00:00,https://example.com,https://example.com/,200,0.060322,
2026-01-20T13:01:20+00:00,https://www.cloudflare.com,https://www.cloudflare.com/,200,0.228265,
2026-01-20T13:01:20+00:00,https://www.extremenetworks.com,https://www.extremenetworks.com/,200,0.379927,
2026-01-24T23:39:32+00:00,https://example.com,https://example.com/,200,0.05589,
2026-01-24T23:39:32+00:00,https://www.cloudflare.com,https://www.cloudflare.com/,200,0.241087,
2026-01-24T23:39:32+00:00,https://www.extremenetworks.com,https://www.extremenetworks.com/,200,0.396836,
2026-01-24T23:44:33+00:00,https://example.com,https://example.com/,200,0.061838,
2026-01-24T23:44:33+00:00,https://www.cloudflare.com,https://www.cloudflare.com/,200,0.329283,
2026-01-24T23:44:33+00:00,https://www.extremenetworks.com,https://www.extremenetworks.com/,200,0.370342,
2026-01-24T23:46:19+00:00,https://example.com,https://example.com/,200,0.053999,
2026-01-24T23:46:19+00:00,https://www.cloudflare.com,https://www.cloudflare.com/,200,0.40228,
2026-01-24T23:46:19+00:00,https://www.extremenetworks.com,https://www.extremenetworks.com/,200,0.379046,
2026-01-24T23:51:20+00:00,https://example.com,https://example.com/,200,0.063971,
2026-01-24T23:51:20+00:00,https://www.cloudflare.com,https://www.cloudflare.com/,200,0.349848,
2026-01-24T23:51:20+00:00,https://www.extremenetworks.com,https://www.extremenetworks.com/,200,0.387581,
2026-01-24T23:54:38+00:00,https://example.com,https://example.com/,200,0.053682,
2026-01-24T23:54:38+00:00,https://www.cloudflare.com,https://www.cloudflare.com/,200,0.514376,
2026-01-24T23:54:38+00:00,https://www.extremenetworks.com,https://www.extremenetworks.com/,200,0.348799,
2026-01-24T23:59:39+00:00,https://example.com,https://example.com/,200,0.057864,
2026-01-24T23:59:39+00:00,https://www.cloudflare.com,https://www.cloudflare.com/,200,0.239271,
2026-01-24T23:59:39+00:00,https://www.extremenetworks.com,https://www.extremenetworks.com/,200,0.37394,
2026-01-25T00:04:40+00:00,https://example.com,https://example.com/,200,0.066854,
2026-01-25T00:04:40+00:00,https://www.cloudflare.com,https://www.cloudflare.com/,200,0.320066,
2026-01-25T00:04:40+00:00,https://www.extremenetworks.com,https://www.extremenetworks.com/,200,0.414448,
2026-01-25T00:06:45+00:00,https://example.com,https://example.com/,200,0.051009,
2026-01-25T00:06:45+00:00,https://www.cloudflare.com,https://www.cloudflare.com/,200,0.324752,
2026-01-25T00:06:45+00:00,https://www.extremenetworks.com,https://www.extremenetworks.com/,200,0.372977,
2026-01-25T00:11:45+00:00,https://example.com,https://example.com/,200,0.058418,
2026-01-25T00:11:45+00:00,https://www.cloudflare.com,https://www.cloudflare.com/,200,0.262403,
2026-01-25T00:11:45+00:00,https://www.extremenetworks.com,https://www.extremenetworks.com/,200,0.434113,
2026-01-25T00:16:46+00:00,https://example.com,https://example.com/,200,0.061735,
2026-01-25T00:16:46+00:00,https://www.cloudflare.com,https://www.cloudflare.com/,200,0.241545,
2026-01-25T00:16:46+00:00,https://www.extremenetworks.com,https://www.extremenetworks.com/,200,0.375151,
2026-01-25T00:26:28+00:00,https://example.com,https://example.com/,200,0.050614,,18.78,True,
2026-01-25T00:26:28+00:00,https://www.cloudflare.com,https://www.cloudflare.com/,200,0.394421,,8.42,True,
2026-01-25T00:26:28+00:00,https://www.extremenetworks.com,https://www.extremenetworks.com/,200,0.347139,,82.55,True,
2026-01-25T00:35:27+00:00,https://example.com,https://example.com/,200,0.068892,,8.73,True,
2026-01-25T00:35:27+00:00,https://www.cloudflare.com,https://www.cloudflare.com/,200,0.248928,,8.7,True,
2026-01-25T00:35:27+00:00,https://www.extremenetworks.com,https://www.extremenetworks.com/,200,0.410442,,93.72,True,
2026-01-25T00:35:27+00:00,https://www.apple.com,https://www.apple.com/,200,0.077146,,9.22,True,
2026-01-25T00:35:27+00:00,https://www.cisco.com,https://www.cisco.com/,200,0.250617,,6.55,True,
2026-01-25T00:35:56+00:00,https://example.com,https://example.com/,200,0.048859,,12.07,True,
2026-01-25T00:35:56+00:00,https://www.cloudflare.com,https://www.cloudflare.com/,200,0.236518,,8.16,True,
2026-01-25T00:35:56+00:00,https://www.extremenetworks.com,https://www.extremenetworks.com/,200,0.378742,,63.84,True,
2026-01-25T00:35:56+00:00,https://www.apple.com,https://www.apple.com/,200,0.111091,,7.21,True,
2026-01-25T00:35:56+00:00,https://www.cisco.com,https://www.cisco.com/,200,0.092743,,7.53,True,
2026-01-25T00:40:57+00:00,https://example.com,https://example.com/,200,0.072095,,9.14,True,
2026-01-25T00:40:57+00:00,https://www.cloudflare.com,https://www.cloudflare.com/,200,0.296773,,9.81,True,
2026-01-25T00:40:57+00:00,https://www.extremenetworks.com,https://www.extremenetworks.com/,200,0.341658,,65.45,True,
2026-01-25T00:40:57+00:00,https://www.apple.com,https://www.apple.com/,200,0.076875,,10.37,True,
2026-01-25T00:40:57+00:00,https://www.cisco.com,https://www.cisco.com/,200,0.171641,,9.43,True,
2026-01-25T00:42:16+00:00,https://example.com,https://example.com/,200,0.059536,,14.79,True,
2026-01-25T00:42:16+00:00,https://www.cloudflare.com,https://www.cloudflare.com/,200,0.319629,,6.54,True,
2026-01-25T00:42:16+00:00,https://www.extremenetworks.com,https://www.extremenetworks.com/,200,0.412464,,94.51,True,
2026-01-25T00:42:16+00:00,https://www.apple.com,https://www.apple.com/,200,0.139292,,10.01,True,
2026-01-25T00:42:16+00:00,https://www.cisco.com,https://www.cisco.com/,200,0.075466,,7.01,True,
2026-01-25T00:47:17+00:00,https://example.com,https://example.com/,200,0.059712,,6.88,True,
2026-01-25T00:47:17+00:00,https://www.cloudflare.com,https://www.cloudflare.com/,200,0.257066,,7.63,True,
2026-01-25T00:47:17+00:00,https://www.extremenetworks.com,https://www.extremenetworks.com/,200,0.429755,,68.35,True,
2026-01-25T00:47:17+00:00,https://www.apple.com,https://www.apple.com/,200,0.07395,,10.05,True,
2026-01-25T00:47:17+00:00,https://www.cisco.com,https://www.cisco.com/,200,0.332265,,9.43,True,
2026-01-25T00:52:19+00:00,https://example.com,https://example.com/,200,0.064961,,7.44,True,
2026-01-25T00:52:19+00:00,https://www.cloudflare.com,https://www.cloudflare.com/,200,0.23853,,8.98,True,
2026-01-25T00:52:19+00:00,https://www.extremenetworks.com,https://www.extremenetworks.com/,200,0.383488,,65.6,True,
2026-01-25T00:52:19+00:00,https://www.apple.com,https://www.apple.com/,200,0.131077,,9.68,True,
2026-01-25T00:52:19+00:00,https://www.cisco.com,https://www.cisco.com/,200,0.172493,,7.95,True,
2026-01-25T00:57:20+00:00,https://example.com,https://example.com/,200,0.05979,,10.66,True,
2026-01-25T00:57:20+00:00,https://www.cloudflare.com,https://www.cloudflare.com/,200,0.253264,,6.02,True,
2026-01-25T00:57:20+00:00,https://www.extremenetworks.com,https://www.extremenetworks.com/,200,0.36848,,66.7,True,
2026-01-25T00:57:20+00:00,https://www.apple.com,https://www.apple.com/,200,0.097546,,10.33,True,
2026-01-25T00:57:20+00:00,https://www.cisco.com,https://www.cisco.com/,200,0.237381,,10.47,True,
2026-01-25T01:02:21+00:00,https://example.com,https://example.com/,200,0.058724,,9.5,True,
2026-01-25T01:02:21+00:00,https://www.cloudflare.com,https://www.cloudflare.com/,200,0.246856,,6.95,True,
2026-01-25T01:02:21+00:00,https://www.extremenetworks.com,https://www.extremenetworks.com/,200,0.388553,,67.46,True,
2026-01-25T01:02:21+00:00,https://www.apple.com,https://www.apple.com/,200,0.087219,,7.75,True,
2026-01-25T01:02:21+00:00,https://www.cisco.com,https://www.cisco.com/,200,0.742378,,6.26,True,
2026-01-25T01:07:23+00:00,https://example.com,https://example.com/,200,0.056695,,9.08,True,
2026-01-25T01:07:23+00:00,https://www.cloudflare.com,https://www.cloudflare.com/,200,0.300803,,6.42,True,
2026-01-25T01:07:23+00:00,https://www.extremenetworks.com,https://www.extremenetworks.com/,200,0.378709,,52.18,True,
2026-01-25T01:07:23+00:00,https://www.apple.com,https://www.apple.com/,200,0.07235,,6.64,True,
2026-01-25T01:07:23+00:00,https://www.cisco.com,https://www.cisco.com/,200,0.138884,,9.29,True,
2026-01-25T01:12:24+00:00,https://example.com,https://example.com/,200,0.05885,,6.55,True,
2026-01-25T01:12:24+00:00,https://www.cloudflare.com,https://www.cloudflare.com/,200,0.355189,,7.52,True,
2026-01-25T01:12:24+00:00,https://www.extremenetworks.com,https://www.extremenetworks.com/,200,0.417136,,65.77,True,
2026-01-25T01:12:24+00:00,https://www.apple.com,https://www.apple.com/,200,0.078993,,9.12,True,
2026-01-25T01:12:24+00:00,https://www.cisco.com,https://www.cisco.com/,200,0.140129,,8.92,True,
2026-01-25T01:17:25+00:00,https://example.com,https://example.com/,200,0.059959,,9.8,True,
2026-01-25T01:17:25+00:00,https://www.cloudflare.com,https://www.cloudflare.com/,200,0.243295,,11.39,True,
2026-01-25T01:17:25+00:00,https://www.extremenetworks.com,https://www.extremenetworks.com/,200,0.376228,,82.39,True,
2026-01-25T01:17:25+00:00,https://www.apple.com,https://www.apple.com/,200,0.080456,,7.03,True,
2026-01-25T01:17:25+00:00,https://www.cisco.com,https://www.cisco.com/,200,0.489937,,8.91,True,
2026-01-25T01:22:27+00:00,https://example.com,https://example.com/,200,0.068627,,9.25,True,
2026-01-25T01:22:27+00:00,https://www.cloudflare.com,https://www.cloudflare.com/,200,0.323464,,8.04,True,
2026-01-25T01:22:27+00:00,https://www.extremenetworks.com,https://www.extremenetworks.com/,200,0.384822,,68.03,True,
2026-01-25T01:22:27+00:00,https://www.apple.com,https://www.apple.com/,200,0.084396,,5.97,True,
2026-01-25T01:22:27+00:00,https://www.cisco.com,https://www.cisco.com/,200,0.402313,,7.13,True,
2026-01-25T01:27:28+00:00,https://example.com,https://example.com/,200,0.063628,,7.76,True,
2026-01-25T01:27:28+00:00,https://www.cloudflare.com,https://www.cloudflare.com/,200,0.259822,,4009.53,True,
2026-01-25T01:27:28+00:00,https://www.extremenetworks.com,https://www.extremenetworks.com/,200,0.671883,,89.91,True,
2026-01-25T01:27:28+00:00,https://www.apple.com,https://www.apple.com/,200,0.164494,,8.24,True,
2026-01-25T01:27:28+00:00,https://www.cisco.com,https://www.cisco.com/,200,0.19916,,9.2,True,
